{"cameraMode":{"drawMode":0,"name":"Shaded","section":"Shading Mode"},"sceneLighting":true,"audioPlay":false,"sceneViewState":{"m_AlwaysRefresh":false,"showFog":true,"showSkybox":true,"showFlares":true,"showImageEffects":true,"showParticleSystems":true,"showVisualEffectGraphs":true,"m_FxEnabled":true},"in2DMode":false,"pivot":{"x":6.221197128295898,"y":-10.643562316894532,"z":9.682201385498047},"rotation":{"x":-0.38152337074279787,"y":-0.27699631452560427,"z":0.12100360542535782,"w":-0.8734935522079468},"size":12.403919219970704,"orthographic":false}